[
  {
    "name": "H1",
    "x": 0,
    "y": 9.1440,
    "2g": [
      "7a:e0",
      "7a:e1",
      "7a:e3"
    ],
    "5g": [
      "7a:f0",
      "7a:f1",
      "7a:f3"
    ]
  },
  {
    "name": "H2",
    "x": 0,
    "y": 0,
    "2g": [
      "77:00",
      "77:01",
      "77:03"
    ],
     "5g": [
      "77:10",
      "77:11",
      "77:13"
    ]
  },
  {
    "name": "H3",
    "x": 0,
    "y": -14.6050,
     "2g": [
      "fc:80",
      "fc:82",
      "fc:83"
    ],
     "5g": [
      "fc:90",
      "fc:92",
      "fc:93"
    ]
  },
  {
    "name": "H4",
    "x": 0,
    "y": -27.4320,
     "2g": [
      "77:60",
      "77:61",
      "77:63"
    ],
     "5g": [
      "77:70",
      "77:71",
      "77:73"
    ]
  },
  {
    "name": "P1",
    "x": 21.4884,
    "y": 21.6662,
     "2g": [
      "7a:c0",
      "7a:c1",
      "7a:c3"
    ],
     "5g": [
      "7a:d0",
      "7a:d1",
      "7a:d3"
    ]
  },
  {
    "name": "P2",
    "x": 10.5410,
    "y": 21.6662,
    "2g": [
      "7b:a0",
      "7b:a1",
      "7b:a3"
    ],
    "5g": [
      "7b:b0",
      "7b:b1",
      "7b:b3"
    ]
  },
  {
    "name": "L1",
    "x": 0,
    "y": 31.5976,
    "2g": [
      "85:e0",
      "85:e2",
      "85:e3"
    ],
    "5g": [
      "85:f0",
      "85:f2",
      "85:f3"
    ]
  },
  {
    "name": "L2",
    "x": 0,
    "y": 17.0434,
    "2g": [
      "7c:00",
      "7c:01",
      "7c:03"
    ],
    "5g": [
      "7c:10",
      "7c:11",
      "7c:13"
    ]
  },
  {
    "name": "S1",
    "x": -10.8966,
    "y": 27.7241,
    "2g": [
      "85:a0",
      "85:a1",
      "85:a3"
    ],
    "5g": [
      "85:b0",
      "85:b1",
      "85:b3"
    ]
  },
  {
    "name": "S2",
    "x": -5.6896,
    "y": 21.6281,
    "2g": [
      "e1:60",
      "e1:62",
      "e1:63"
    ],
    "5g": [
      "e1:70",
      "e1:72",
      "e1:73"
    ]
  },
  {
    "name": "android2657",
    "x": -4.572,
    "y": 17.0434,
    "2g": [
      "c0:f9"
    ],
    "5g": [
    ]
  }

]